crate	declared_licence	source	licence_files
ab_glyph-0.2.32	Apache-2.0	https://crates.io/crates/ab_glyph/0.2.32	LICENSE
ab_glyph_rasterizer-0.1.10	Apache-2.0	https://crates.io/crates/ab_glyph_rasterizer/0.1.10	LICENSE
adler2-2.0.1	0BSD OR MIT OR Apache-2.0	https://crates.io/crates/adler2/2.0.1	LICENSE-0BSD,LICENSE-MIT,LICENSE-APACHE
ahash-0.8.12	MIT OR Apache-2.0	https://crates.io/crates/ahash/0.8.12	LICENSE-MIT,LICENSE-APACHE
aligned-0.4.3	MIT OR Apache-2.0	https://crates.io/crates/aligned/0.4.3	LICENSE-MIT,LICENSE-APACHE
aligned-vec-0.6.4	MIT	https://crates.io/crates/aligned-vec/0.6.4	LICENSE
allocator-api2-0.2.21	MIT OR Apache-2.0	https://crates.io/crates/allocator-api2/0.2.21	LICENSE-MIT,LICENSE-APACHE
anyhow-1.0.104	MIT OR Apache-2.0	https://crates.io/crates/anyhow/1.0.104	LICENSE-MIT,LICENSE-APACHE
arg_enum_proc_macro-0.3.4	MIT	https://crates.io/crates/arg_enum_proc_macro/0.3.4	LICENSE
arrayref-0.3.9	BSD-2-Clause	https://crates.io/crates/arrayref/0.3.9	LICENSE
arrayvec-0.7.8	MIT OR Apache-2.0	https://crates.io/crates/arrayvec/0.7.8	LICENSE-MIT,LICENSE-APACHE
as-raw-xcb-connection-1.0.1	MIT OR Apache-2.0	https://crates.io/crates/as-raw-xcb-connection/1.0.1	LICENSE-MIT,LICENSE-APACHE
as-slice-0.2.1	MIT OR Apache-2.0	https://crates.io/crates/as-slice/0.2.1	LICENSE-MIT,LICENSE-APACHE
async-broadcast-0.7.2	MIT OR Apache-2.0	https://crates.io/crates/async-broadcast/0.7.2	LICENSE-MIT,LICENSE-APACHE
async-channel-2.5.0	Apache-2.0 OR MIT	https://crates.io/crates/async-channel/2.5.0	LICENSE-MIT,LICENSE-APACHE
async-executor-1.14.0	Apache-2.0 OR MIT	https://crates.io/crates/async-executor/1.14.0	LICENSE-MIT,LICENSE-APACHE
async-io-2.6.0	Apache-2.0 OR MIT	https://crates.io/crates/async-io/2.6.0	LICENSE-MIT,LICENSE-APACHE
async-lock-3.4.2	Apache-2.0 OR MIT	https://crates.io/crates/async-lock/3.4.2	LICENSE-MIT,LICENSE-APACHE
async-process-2.5.0	Apache-2.0 OR MIT	https://crates.io/crates/async-process/2.5.0	LICENSE-MIT,LICENSE-APACHE
async-recursion-1.1.1	MIT OR Apache-2.0	https://crates.io/crates/async-recursion/1.1.1	LICENSE-MIT,LICENSE-APACHE
async-signal-0.2.14	Apache-2.0 OR MIT	https://crates.io/crates/async-signal/0.2.14	LICENSE-MIT,LICENSE-APACHE
async-task-4.7.1	Apache-2.0 OR MIT	https://crates.io/crates/async-task/4.7.1	LICENSE-MIT,LICENSE-APACHE
async-trait-0.1.92	MIT OR Apache-2.0	https://crates.io/crates/async-trait/0.1.92	LICENSE-MIT,LICENSE-APACHE
atomic-waker-1.1.2	Apache-2.0 OR MIT	https://crates.io/crates/atomic-waker/1.1.2	LICENSE-THIRD-PARTY,LICENSE-MIT,LICENSE-APACHE
auto_enums-0.8.10	Apache-2.0 OR MIT	https://crates.io/crates/auto_enums/0.8.10	LICENSE-MIT,LICENSE-APACHE
autocfg-1.5.1	Apache-2.0 OR MIT	https://crates.io/crates/autocfg/1.5.1	LICENSE-MIT,LICENSE-APACHE
av-scenechange-0.14.1	MIT	https://crates.io/crates/av-scenechange/0.14.1	LICENSE
av1-grain-0.2.5	BSD-2-Clause	https://crates.io/crates/av1-grain/0.2.5	LICENSE
avif-serialize-0.8.9	BSD-3-Clause	https://crates.io/crates/avif-serialize/0.8.9	LICENSE
base64-0.22.1	MIT OR Apache-2.0	https://crates.io/crates/base64/0.22.1	LICENSE-MIT,LICENSE-APACHE
bit_field-0.10.3	Apache-2.0/MIT	https://crates.io/crates/bit_field/0.10.3	LICENSE-MIT,LICENSE-APACHE
bitflags-1.3.2	MIT/Apache-2.0	https://crates.io/crates/bitflags/1.3.2	LICENSE-MIT,LICENSE-APACHE
bitflags-2.13.2	MIT OR Apache-2.0	https://crates.io/crates/bitflags/2.13.2	LICENSE-MIT,LICENSE-APACHE
bitstream-io-4.10.0	MIT/Apache-2.0	https://crates.io/crates/bitstream-io/4.10.0	LICENSE-MIT,LICENSE-APACHE
blocking-1.7.0	Apache-2.0 OR MIT	https://crates.io/crates/blocking/1.7.0	LICENSE-MIT,LICENSE-APACHE
built-0.8.1	MIT	https://crates.io/crates/built/0.8.1	LICENSE
by_address-1.2.1	MIT OR Apache-2.0	https://crates.io/crates/by_address/1.2.1	LICENSE-MIT,LICENSE-APACHE
bytemuck-1.25.2	Zlib OR Apache-2.0 OR MIT	https://crates.io/crates/bytemuck/1.25.2	LICENSE-ZLIB,LICENSE-MIT,LICENSE-APACHE
bytemuck_derive-1.12.1	Zlib OR Apache-2.0 OR MIT	https://crates.io/crates/bytemuck_derive/1.12.1	LICENSE-ZLIB,LICENSE-MIT,LICENSE-APACHE
byteorder-lite-0.1.0	Unlicense OR MIT	https://crates.io/crates/byteorder-lite/0.1.0	LICENSE-MIT
calloop-0.13.0	MIT	https://crates.io/crates/calloop/0.13.0	LICENSE.txt
calloop-0.14.4	MIT	https://crates.io/crates/calloop/0.14.4	LICENSE.txt
calloop-wayland-source-0.3.0	MIT	https://crates.io/crates/calloop-wayland-source/0.3.0	LICENSE.txt
calloop-wayland-source-0.4.1	MIT	https://crates.io/crates/calloop-wayland-source/0.4.1	LICENSE.txt
cc-1.4.7	MIT OR Apache-2.0	https://crates.io/crates/cc/1.4.7	LICENSE-MIT,LICENSE-APACHE
cfg-if-1.0.5	MIT OR Apache-2.0	https://crates.io/crates/cfg-if/1.0.5	LICENSE-MIT,LICENSE-APACHE
cfg_aliases-0.2.2	MIT	https://crates.io/crates/cfg_aliases/0.2.2	LICENSE,NOTICES.md
chrono-0.4.45	MIT OR Apache-2.0	https://crates.io/crates/chrono/0.4.45	LICENSE.txt
clru-0.6.3	MIT	https://crates.io/crates/clru/0.6.3	LICENSE
codemap-0.1.3	MIT/Apache-2.0	https://crates.io/crates/codemap/0.1.3	LICENSE-MIT,LICENSE-APACHE
codemap-diagnostic-0.1.2	MIT/Apache-2.0	https://crates.io/crates/codemap-diagnostic/0.1.2	LICENSE-MIT,LICENSE-APACHE
color_quant-1.1.0	MIT	https://crates.io/crates/color_quant/1.1.0	LICENSE
concurrent-queue-2.5.0	Apache-2.0 OR MIT	https://crates.io/crates/concurrent-queue/2.5.0	LICENSE-MIT,LICENSE-APACHE
const-field-offset-0.1.5	MIT OR Apache-2.0	https://crates.io/crates/const-field-offset/0.1.5	no_separate_licence_file_in_crate
const-field-offset-macro-0.1.5	MIT OR Apache-2.0	https://crates.io/crates/const-field-offset-macro/0.1.5	no_separate_licence_file_in_crate
convert_case-0.10.0	MIT	https://crates.io/crates/convert_case/0.10.0	LICENSE
copypasta-0.10.2	MIT / Apache-2.0	https://crates.io/crates/copypasta/0.10.2	LICENSE.apache2,LICENSE.mit
core_maths-0.1.1	MIT	https://crates.io/crates/core_maths/0.1.1	LICENSE
countme-3.0.1	MIT OR Apache-2.0	https://crates.io/crates/countme/3.0.1	LICENSE-MIT,LICENSE-APACHE
crc32fast-1.5.2	MIT OR Apache-2.0	https://crates.io/crates/crc32fast/1.5.2	LICENSE-MIT,LICENSE-APACHE
critical-section-1.2.0	MIT OR Apache-2.0	https://crates.io/crates/critical-section/1.2.0	LICENSE-MIT,LICENSE-APACHE
crossbeam-deque-0.8.8	MIT OR Apache-2.0	https://crates.io/crates/crossbeam-deque/0.8.8	LICENSE-MIT,LICENSE-APACHE
crossbeam-epoch-0.9.21	MIT OR Apache-2.0	https://crates.io/crates/crossbeam-epoch/0.9.21	LICENSE-MIT,LICENSE-APACHE
crossbeam-utils-0.8.23	MIT OR Apache-2.0	https://crates.io/crates/crossbeam-utils/0.8.23	LICENSE-MIT,LICENSE-APACHE
cursor-icon-1.2.0	MIT OR Apache-2.0 OR Zlib	https://crates.io/crates/cursor-icon/1.2.0	LICENSE-ZLIB,LICENSE-MIT,LICENSE-APACHE
data-url-0.3.2	MIT OR Apache-2.0	https://crates.io/crates/data-url/0.3.2	LICENSE-MIT,LICENSE-APACHE
derive_more-2.1.1	MIT	https://crates.io/crates/derive_more/2.1.1	LICENSE
derive_more-impl-2.1.1	MIT	https://crates.io/crates/derive_more-impl/2.1.1	LICENSE
derive_utils-0.16.0	Apache-2.0 OR MIT	https://crates.io/crates/derive_utils/0.16.0	LICENSE-MIT,LICENSE-APACHE
displaydoc-0.2.7	MIT OR Apache-2.0	https://crates.io/crates/displaydoc/0.2.7	LICENSE-MIT,LICENSE-APACHE
dlib-0.5.3	MIT	https://crates.io/crates/dlib/0.5.3	LICENSE.txt
downcast-rs-1.2.1	MIT/Apache-2.0	https://crates.io/crates/downcast-rs/1.2.1	LICENSE-MIT,LICENSE-APACHE
dpi-0.1.2	Apache-2.0 AND MIT	https://crates.io/crates/dpi/0.1.2	LICENSE-LIBM-MIT,LICENSE
either-1.18.0	MIT OR Apache-2.0	https://crates.io/crates/either/1.18.0	LICENSE-MIT,LICENSE-APACHE
endi-1.1.1	MIT	https://crates.io/crates/endi/1.1.1	LICENSE-MIT
enumflags2-0.7.12	MIT OR Apache-2.0	https://crates.io/crates/enumflags2/0.7.12	LICENSE-MIT,LICENSE-APACHE
enumflags2_derive-0.7.12	MIT OR Apache-2.0	https://crates.io/crates/enumflags2_derive/0.7.12	LICENSE-MIT,LICENSE-APACHE
equator-0.4.2	MIT	https://crates.io/crates/equator/0.4.2	LICENSE
equator-macro-0.4.2	MIT	https://crates.io/crates/equator-macro/0.4.2	LICENSE
equivalent-1.0.2	Apache-2.0 OR MIT	https://crates.io/crates/equivalent/1.0.2	LICENSE-MIT,LICENSE-APACHE
errno-0.3.14	MIT OR Apache-2.0	https://crates.io/crates/errno/0.3.14	LICENSE-MIT,LICENSE-APACHE
euclid-0.22.14	MIT OR Apache-2.0	https://crates.io/crates/euclid/0.22.14	LICENSE-MIT,LICENSE-APACHE
event-listener-5.4.2	Apache-2.0 OR MIT	https://crates.io/crates/event-listener/5.4.2	LICENSE-MIT,LICENSE-APACHE
event-listener-strategy-0.5.4	Apache-2.0 OR MIT	https://crates.io/crates/event-listener-strategy/0.5.4	LICENSE-MIT,LICENSE-APACHE
exr-1.74.2	BSD-3-Clause	https://crates.io/crates/exr/1.74.2	LICENSE.md
fastrand-2.5.0	Apache-2.0 OR MIT	https://crates.io/crates/fastrand/2.5.0	LICENSE-MIT,LICENSE-APACHE
fax-0.2.7	MIT	https://crates.io/crates/fax/0.2.7	LICENSE
fdeflate-0.3.7	MIT OR Apache-2.0	https://crates.io/crates/fdeflate/0.3.7	LICENSE-MIT,LICENSE-APACHE
femtovg-0.17.0	MIT OR Apache-2.0	https://crates.io/crates/femtovg/0.17.0	LICENSE-MIT,LICENSE-APACHE
field-offset-0.3.6	MIT OR Apache-2.0	https://crates.io/crates/field-offset/0.3.6	LICENSE-MIT,LICENSE-APACHE
find-msvc-tools-0.1.13	MIT OR Apache-2.0	https://crates.io/crates/find-msvc-tools/0.1.13	LICENSE-MIT,LICENSE-APACHE
flate2-1.1.10	MIT OR Apache-2.0	https://crates.io/crates/flate2/1.1.10	LICENSE-MIT,LICENSE-APACHE
float-cmp-0.9.0	MIT	https://crates.io/crates/float-cmp/0.9.0	LICENSE
fnv-1.0.7	Apache-2.0 / MIT	https://crates.io/crates/fnv/1.0.7	LICENSE-MIT,LICENSE-APACHE
foldhash-0.1.5	Zlib	https://crates.io/crates/foldhash/0.1.5	LICENSE
foldhash-0.2.0	Zlib	https://crates.io/crates/foldhash/0.2.0	LICENSE
fontconfig-parser-0.5.8	MIT	https://crates.io/crates/fontconfig-parser/0.5.8	LICENSE
fontdb-0.23.0	MIT	https://crates.io/crates/fontdb/0.23.0	LICENSE
fontdue-0.9.4	MIT OR Apache-2.0 OR Zlib	https://crates.io/crates/fontdue/0.9.4	LICENSE-ZLIB,LICENSE-MIT,LICENSE-APACHE
form_urlencoded-1.2.2	MIT OR Apache-2.0	https://crates.io/crates/form_urlencoded/1.2.2	LICENSE-MIT,LICENSE-APACHE
futures-0.3.34	MIT OR Apache-2.0	https://crates.io/crates/futures/0.3.34	LICENSE-MIT,LICENSE-APACHE
futures-channel-0.3.34	MIT OR Apache-2.0	https://crates.io/crates/futures-channel/0.3.34	LICENSE-MIT,LICENSE-APACHE
futures-core-0.3.34	MIT OR Apache-2.0	https://crates.io/crates/futures-core/0.3.34	LICENSE-MIT,LICENSE-APACHE
futures-executor-0.3.34	MIT OR Apache-2.0	https://crates.io/crates/futures-executor/0.3.34	LICENSE-MIT,LICENSE-APACHE
futures-io-0.3.34	MIT OR Apache-2.0	https://crates.io/crates/futures-io/0.3.34	LICENSE-MIT,LICENSE-APACHE
futures-lite-2.6.1	Apache-2.0 OR MIT	https://crates.io/crates/futures-lite/2.6.1	LICENSE-THIRD-PARTY,LICENSE-MIT,LICENSE-APACHE
futures-macro-0.3.34	MIT OR Apache-2.0	https://crates.io/crates/futures-macro/0.3.34	LICENSE-MIT,LICENSE-APACHE
futures-sink-0.3.34	MIT OR Apache-2.0	https://crates.io/crates/futures-sink/0.3.34	LICENSE-MIT,LICENSE-APACHE
futures-task-0.3.34	MIT OR Apache-2.0	https://crates.io/crates/futures-task/0.3.34	LICENSE-MIT,LICENSE-APACHE
futures-util-0.3.34	MIT OR Apache-2.0	https://crates.io/crates/futures-util/0.3.34	LICENSE-MIT,LICENSE-APACHE
gethostname-1.1.0	Apache-2.0	https://crates.io/crates/gethostname/1.1.0	LICENSE
getrandom-0.3.4	MIT OR Apache-2.0	https://crates.io/crates/getrandom/0.3.4	LICENSE-MIT,LICENSE-APACHE
gif-0.13.3	MIT OR Apache-2.0	https://crates.io/crates/gif/0.13.3	LICENSE-MIT,LICENSE-APACHE
gif-0.14.2	MIT OR Apache-2.0	https://crates.io/crates/gif/0.14.2	LICENSE-MIT,LICENSE-APACHE
gl_generator-0.14.0	Apache-2.0	https://crates.io/crates/gl_generator/0.14.0	no_separate_licence_file_in_crate
glow-0.16.0	MIT OR Apache-2.0 OR Zlib	https://crates.io/crates/glow/0.16.0	LICENSE-ZLIB,LICENSE-MIT,LICENSE-APACHE
glutin-0.32.3	Apache-2.0	https://crates.io/crates/glutin/0.32.3	LICENSE
glutin-winit-0.5.0	MIT	https://crates.io/crates/glutin-winit/0.5.0	LICENSE
glutin_egl_sys-0.7.1	Apache-2.0	https://crates.io/crates/glutin_egl_sys/0.7.1	LICENSE
glutin_glx_sys-0.6.1	Apache-2.0	https://crates.io/crates/glutin_glx_sys/0.6.1	LICENSE
half-2.7.1	MIT OR Apache-2.0	https://crates.io/crates/half/2.7.1	LICENSE-MIT,LICENSE-APACHE
hashbrown-0.14.5	MIT OR Apache-2.0	https://crates.io/crates/hashbrown/0.14.5	LICENSE-MIT,LICENSE-APACHE
hashbrown-0.15.5	MIT OR Apache-2.0	https://crates.io/crates/hashbrown/0.15.5	LICENSE-MIT,LICENSE-APACHE
hashbrown-0.16.1	MIT OR Apache-2.0	https://crates.io/crates/hashbrown/0.16.1	LICENSE-MIT,LICENSE-APACHE
hashbrown-0.17.1	MIT OR Apache-2.0	https://crates.io/crates/hashbrown/0.17.1	LICENSE-MIT,LICENSE-APACHE
heck-0.5.0	MIT OR Apache-2.0	https://crates.io/crates/heck/0.5.0	LICENSE-MIT,LICENSE-APACHE
hex-0.4.3	MIT OR Apache-2.0	https://crates.io/crates/hex/0.4.3	LICENSE-MIT,LICENSE-APACHE
i-slint-backend-selector-1.13.1	GPL-3.0-only OR LicenseRef-Slint-Royalty-free-2.0 OR LicenseRef-Slint-Software-3.0	https://crates.io/crates/i-slint-backend-selector/1.13.1	no_separate_licence_file_in_crate
i-slint-backend-winit-1.13.1	GPL-3.0-only OR LicenseRef-Slint-Royalty-free-2.0 OR LicenseRef-Slint-Software-3.0	https://crates.io/crates/i-slint-backend-winit/1.13.1	no_separate_licence_file_in_crate
i-slint-common-1.13.1	GPL-3.0-only OR LicenseRef-Slint-Royalty-free-2.0 OR LicenseRef-Slint-Software-3.0	https://crates.io/crates/i-slint-common/1.13.1	no_separate_licence_file_in_crate
i-slint-compiler-1.13.1	GPL-3.0-only OR LicenseRef-Slint-Royalty-free-2.0 OR LicenseRef-Slint-Software-3.0	https://crates.io/crates/i-slint-compiler/1.13.1	no_separate_licence_file_in_crate
i-slint-core-1.13.1	GPL-3.0-only OR LicenseRef-Slint-Royalty-free-2.0 OR LicenseRef-Slint-Software-3.0	https://crates.io/crates/i-slint-core/1.13.1	no_separate_licence_file_in_crate
i-slint-core-macros-1.13.1	GPL-3.0-only OR LicenseRef-Slint-Royalty-free-2.0 OR LicenseRef-Slint-Software-3.0	https://crates.io/crates/i-slint-core-macros/1.13.1	no_separate_licence_file_in_crate
i-slint-renderer-femtovg-1.13.1	GPL-3.0-only OR LicenseRef-Slint-Royalty-free-2.0 OR LicenseRef-Slint-Software-3.0	https://crates.io/crates/i-slint-renderer-femtovg/1.13.1	no_separate_licence_file_in_crate
iana-time-zone-0.1.65	MIT OR Apache-2.0	https://crates.io/crates/iana-time-zone/0.1.65	LICENSE-MIT,LICENSE-APACHE
icu_collections-2.3.0	Unicode-3.0	https://crates.io/crates/icu_collections/2.3.0	LICENSE
icu_locale_core-2.3.0	Unicode-3.0	https://crates.io/crates/icu_locale_core/2.3.0	LICENSE
icu_normalizer-2.3.0	Unicode-3.0	https://crates.io/crates/icu_normalizer/2.3.0	LICENSE
icu_normalizer_data-2.3.0	Unicode-3.0	https://crates.io/crates/icu_normalizer_data/2.3.0	LICENSE
icu_properties-2.3.0	Unicode-3.0	https://crates.io/crates/icu_properties/2.3.0	LICENSE
icu_properties_data-2.3.0	Unicode-3.0	https://crates.io/crates/icu_properties_data/2.3.0	LICENSE
icu_provider-2.3.1	Unicode-3.0	https://crates.io/crates/icu_provider/2.3.1	LICENSE
idna-1.1.0	MIT OR Apache-2.0	https://crates.io/crates/idna/1.1.0	LICENSE-MIT,LICENSE-APACHE
idna_adapter-1.2.2	Apache-2.0 OR MIT	https://crates.io/crates/idna_adapter/1.2.2	LICENSE-MIT,LICENSE-APACHE
image-0.25.10	MIT OR Apache-2.0	https://crates.io/crates/image/0.25.10	LICENSE-MIT,LICENSE-APACHE
image-webp-0.2.4	MIT OR Apache-2.0	https://crates.io/crates/image-webp/0.2.4	LICENSE-MIT,LICENSE-APACHE
imagesize-0.13.0	MIT	https://crates.io/crates/imagesize/0.13.0	LICENSE
imgref-1.12.3	CC0-1.0 OR Apache-2.0	https://crates.io/crates/imgref/1.12.3	LICENSE-CC0,LICENSE-APACHE
indexmap-2.14.2	Apache-2.0 OR MIT	https://crates.io/crates/indexmap/2.14.2	LICENSE-MIT,LICENSE-APACHE
integer-sqrt-0.1.5	Apache-2.0/MIT	https://crates.io/crates/integer-sqrt/0.1.5	no_separate_licence_file_in_crate
itertools-0.14.0	MIT OR Apache-2.0	https://crates.io/crates/itertools/0.14.0	LICENSE-MIT,LICENSE-APACHE
itoa-1.0.18	MIT OR Apache-2.0	https://crates.io/crates/itoa/1.0.18	LICENSE-MIT,LICENSE-APACHE
khronos_api-3.1.0	Apache-2.0	https://crates.io/crates/khronos_api/3.1.0	no_separate_licence_file_in_crate
kurbo-0.11.3	Apache-2.0 OR MIT	https://crates.io/crates/kurbo/0.11.3	LICENSE-MIT,LICENSE-APACHE
lebe-0.5.3	BSD-3-Clause	https://crates.io/crates/lebe/0.5.3	LICENSE-BSD-3-Clause
libc-0.2.189	MIT OR Apache-2.0	https://crates.io/crates/libc/0.2.189	LICENSE-MIT,LICENSE-APACHE
libloading-0.8.9	ISC	https://crates.io/crates/libloading/0.8.9	LICENSE
libm-0.2.16	MIT	https://crates.io/crates/libm/0.2.16	LICENSE.txt
linereader-0.4.0	MIT	https://crates.io/crates/linereader/0.4.0	LICENSE.txt
linked-hash-map-0.5.6	MIT/Apache-2.0	https://crates.io/crates/linked-hash-map/0.5.6	LICENSE-MIT,LICENSE-APACHE
linked_hash_set-0.1.6	Apache-2.0	https://crates.io/crates/linked_hash_set/0.1.6	LICENSE
linux-raw-sys-0.12.1	Apache-2.0 WITH LLVM-exception OR Apache-2.0 OR MIT	https://crates.io/crates/linux-raw-sys/0.12.1	LICENSE-Apache-2.0_WITH_LLVM-exception,LICENSE-MIT,LICENSE-APACHE
linux-raw-sys-0.4.15	Apache-2.0 WITH LLVM-exception OR Apache-2.0 OR MIT	https://crates.io/crates/linux-raw-sys/0.4.15	LICENSE-Apache-2.0_WITH_LLVM-exception,LICENSE-MIT,LICENSE-APACHE
litemap-0.8.3	Unicode-3.0	https://crates.io/crates/litemap/0.8.3	LICENSE
log-0.4.34	MIT OR Apache-2.0	https://crates.io/crates/log/0.4.34	LICENSE-MIT,LICENSE-APACHE
loop9-0.1.5	MIT	https://crates.io/crates/loop9/0.1.5	LICENSE
lru-0.16.4	MIT	https://crates.io/crates/lru/0.16.4	LICENSE
lyon_algorithms-1.0.21	MIT OR Apache-2.0	https://crates.io/crates/lyon_algorithms/1.0.21	no_separate_licence_file_in_crate
lyon_extra-1.1.0	MIT OR Apache-2.0	https://crates.io/crates/lyon_extra/1.1.0	no_separate_licence_file_in_crate
lyon_geom-1.0.19	MIT OR Apache-2.0	https://crates.io/crates/lyon_geom/1.0.19	no_separate_licence_file_in_crate
lyon_path-1.0.19	MIT OR Apache-2.0	https://crates.io/crates/lyon_path/1.0.19	no_separate_licence_file_in_crate
maybe-rayon-0.1.1	MIT	https://crates.io/crates/maybe-rayon/0.1.1	LICENSE
memchr-2.8.3	Unlicense OR MIT	https://crates.io/crates/memchr/2.8.3	COPYING,LICENSE-MIT
memmap2-0.9.11	MIT OR Apache-2.0	https://crates.io/crates/memmap2/0.9.11	LICENSE-MIT,LICENSE-APACHE
memoffset-0.9.1	MIT	https://crates.io/crates/memoffset/0.9.1	LICENSE
miniz_oxide-0.8.9	MIT OR Zlib OR Apache-2.0	https://crates.io/crates/miniz_oxide/0.8.9	LICENSE-MIT.md,LICENSE-APACHE.md,LICENSE,LICENSE-ZLIB.md
miniz_oxide-0.9.1	MIT OR Zlib OR Apache-2.0	https://crates.io/crates/miniz_oxide/0.9.1	LICENSE-MIT.md,LICENSE-APACHE.md,LICENSE,LICENSE-ZLIB.md
moxcms-0.8.1	BSD-3-Clause OR Apache-2.0	https://crates.io/crates/moxcms/0.8.1	LICENSE-APACHE.md,LICENSE.md
new_debug_unreachable-1.0.6	MIT	https://crates.io/crates/new_debug_unreachable/1.0.6	LICENSE-MIT
no_std_io2-0.9.4	Apache-2.0 OR MIT	https://crates.io/crates/no_std_io2/0.9.4	LICENSE-MIT,LICENSE-APACHE
nom-8.0.0	MIT	https://crates.io/crates/nom/8.0.0	LICENSE
noop_proc_macro-0.3.0	MIT	https://crates.io/crates/noop_proc_macro/0.3.0	LICENSE
num-bigint-0.4.8	MIT OR Apache-2.0	https://crates.io/crates/num-bigint/0.4.8	LICENSE-MIT,LICENSE-APACHE
num-complex-0.4.6	MIT OR Apache-2.0	https://crates.io/crates/num-complex/0.4.6	LICENSE-MIT,LICENSE-APACHE
num-derive-0.4.2	MIT OR Apache-2.0	https://crates.io/crates/num-derive/0.4.2	LICENSE-MIT,LICENSE-APACHE
num-integer-0.1.47	MIT OR Apache-2.0	https://crates.io/crates/num-integer/0.1.47	LICENSE-MIT,LICENSE-APACHE
num-rational-0.4.2	MIT OR Apache-2.0	https://crates.io/crates/num-rational/0.4.2	LICENSE-MIT,LICENSE-APACHE
num-traits-0.2.19	MIT OR Apache-2.0	https://crates.io/crates/num-traits/0.2.19	LICENSE-MIT,LICENSE-APACHE
num_enum-0.7.6	BSD-3-Clause OR MIT OR Apache-2.0	https://crates.io/crates/num_enum/0.7.6	LICENSE-BSD,LICENSE-MIT,LICENSE-APACHE
num_enum_derive-0.7.6	BSD-3-Clause OR MIT OR Apache-2.0	https://crates.io/crates/num_enum_derive/0.7.6	LICENSE-BSD,LICENSE-MIT,LICENSE-APACHE
once_cell-1.21.4	MIT OR Apache-2.0	https://crates.io/crates/once_cell/1.21.4	LICENSE-MIT,LICENSE-APACHE
ordered-stream-0.2.0	MIT OR Apache-2.0	https://crates.io/crates/ordered-stream/0.2.0	LICENSE-MIT,LICENSE-APACHE
owned_ttf_parser-0.25.1	Apache-2.0	https://crates.io/crates/owned_ttf_parser/0.25.1	LICENSE
parking-2.2.1	Apache-2.0 OR MIT	https://crates.io/crates/parking/2.2.1	LICENSE-THIRD-PARTY,LICENSE-MIT,LICENSE-APACHE
paste-1.0.15	MIT OR Apache-2.0	https://crates.io/crates/paste/1.0.15	LICENSE-MIT,LICENSE-APACHE
pastey-0.1.1	MIT OR Apache-2.0	https://crates.io/crates/pastey/0.1.1	LICENSE-MIT,LICENSE-APACHE
percent-encoding-2.3.2	MIT OR Apache-2.0	https://crates.io/crates/percent-encoding/2.3.2	LICENSE-MIT,LICENSE-APACHE
pico-args-0.5.0	MIT	https://crates.io/crates/pico-args/0.5.0	LICENSE
pin-project-1.1.13	Apache-2.0 OR MIT	https://crates.io/crates/pin-project/1.1.13	LICENSE-MIT,LICENSE-APACHE
pin-project-internal-1.1.13	Apache-2.0 OR MIT	https://crates.io/crates/pin-project-internal/1.1.13	LICENSE-MIT,LICENSE-APACHE
pin-project-lite-0.2.17	Apache-2.0 OR MIT	https://crates.io/crates/pin-project-lite/0.2.17	LICENSE-MIT,LICENSE-APACHE
pin-utils-0.1.0	MIT OR Apache-2.0	https://crates.io/crates/pin-utils/0.1.0	LICENSE-MIT,LICENSE-APACHE
pin-weak-1.1.0	MIT	https://crates.io/crates/pin-weak/1.1.0	LICENSE
piper-0.2.5	MIT OR Apache-2.0	https://crates.io/crates/piper/0.2.5	LICENSE-MIT,LICENSE-APACHE
pkg-config-0.3.34	MIT OR Apache-2.0	https://crates.io/crates/pkg-config/0.3.34	LICENSE-MIT,LICENSE-APACHE
png-0.17.16	MIT OR Apache-2.0	https://crates.io/crates/png/0.17.16	LICENSE-MIT,LICENSE-APACHE
png-0.18.1	MIT OR Apache-2.0	https://crates.io/crates/png/0.18.1	LICENSE-MIT,LICENSE-APACHE
polib-0.2.0	MIT	https://crates.io/crates/polib/0.2.0	LICENSE
polling-3.11.0	Apache-2.0 OR MIT	https://crates.io/crates/polling/3.11.0	LICENSE-MIT,LICENSE-APACHE
portable-atomic-1.15.0	Apache-2.0 OR MIT	https://crates.io/crates/portable-atomic/1.15.0	LICENSE-MIT,LICENSE-APACHE
potential_utf-0.1.6	Unicode-3.0	https://crates.io/crates/potential_utf/0.1.6	LICENSE
proc-macro-crate-3.5.0	MIT OR Apache-2.0	https://crates.io/crates/proc-macro-crate/3.5.0	LICENSE-MIT,LICENSE-APACHE
proc-macro2-1.0.107	MIT OR Apache-2.0	https://crates.io/crates/proc-macro2/1.0.107	LICENSE-MIT,LICENSE-APACHE
profiling-1.0.18	MIT OR Apache-2.0	https://crates.io/crates/profiling/1.0.18	no_separate_licence_file_in_crate
profiling-procmacros-1.0.18	MIT OR Apache-2.0	https://crates.io/crates/profiling-procmacros/1.0.18	no_separate_licence_file_in_crate
pulp-0.22.3	MIT	https://crates.io/crates/pulp/0.22.3	LICENSE
pulp-wasm-simd-flag-0.1.1	MIT	https://crates.io/crates/pulp-wasm-simd-flag/0.1.1	no_separate_licence_file_in_crate
pxfm-0.1.30	BSD-3-Clause OR Apache-2.0	https://crates.io/crates/pxfm/0.1.30	LICENSE-APACHE.md,LICENSE.md
qoi-0.4.1	MIT/Apache-2.0	https://crates.io/crates/qoi/0.4.1	LICENSE-MIT,LICENSE-APACHE
quick-error-2.0.1	MIT/Apache-2.0	https://crates.io/crates/quick-error/2.0.1	LICENSE-MIT,LICENSE-APACHE
quick-xml-0.41.0	MIT	https://crates.io/crates/quick-xml/0.41.0	LICENSE-MIT.md
quote-1.0.47	MIT OR Apache-2.0	https://crates.io/crates/quote/1.0.47	LICENSE-MIT,LICENSE-APACHE
rav1e-0.8.1	BSD-2-Clause	https://crates.io/crates/rav1e/0.8.1	LICENSE
ravif-0.13.0	BSD-3-Clause	https://crates.io/crates/ravif/0.13.0	LICENSE
raw-cpuid-11.6.0	MIT	https://crates.io/crates/raw-cpuid/11.6.0	LICENSE.md
raw-window-handle-0.6.2	MIT OR Apache-2.0 OR Zlib	https://crates.io/crates/raw-window-handle/0.6.2	LICENSE-MIT.md,LICENSE-APACHE.md,LICENSE-ZLIB.md
rayon-1.12.0	MIT OR Apache-2.0	https://crates.io/crates/rayon/1.12.0	LICENSE-MIT,LICENSE-APACHE
rayon-core-1.13.0	MIT OR Apache-2.0	https://crates.io/crates/rayon-core/1.13.0	LICENSE-MIT,LICENSE-APACHE
reborrow-0.5.5	MIT	https://crates.io/crates/reborrow/0.5.5	LICENSE
resvg-0.45.1	Apache-2.0 OR MIT	https://crates.io/crates/resvg/0.45.1	LICENSE-MIT,LICENSE-APACHE
rgb-0.8.53	MIT	https://crates.io/crates/rgb/0.8.53	LICENSE
rowan-0.16.1	MIT OR Apache-2.0	https://crates.io/crates/rowan/0.16.1	LICENSE-MIT,LICENSE-APACHE
roxmltree-0.20.0	MIT OR Apache-2.0	https://crates.io/crates/roxmltree/0.20.0	LICENSE-MIT,LICENSE-APACHE
rustc-hash-1.1.0	Apache-2.0/MIT	https://crates.io/crates/rustc-hash/1.1.0	LICENSE-MIT,LICENSE-APACHE
rustc_version-0.4.1	MIT OR Apache-2.0	https://crates.io/crates/rustc_version/0.4.1	LICENSE-MIT,LICENSE-APACHE
rustix-0.38.44	Apache-2.0 WITH LLVM-exception OR Apache-2.0 OR MIT	https://crates.io/crates/rustix/0.38.44	LICENSE-Apache-2.0_WITH_LLVM-exception,LICENSE-MIT,LICENSE-APACHE
rustix-1.1.5	Apache-2.0 WITH LLVM-exception OR Apache-2.0 OR MIT	https://crates.io/crates/rustix/1.1.5	LICENSE-Apache-2.0_WITH_LLVM-exception,LICENSE-MIT,LICENSE-APACHE
rustversion-1.0.23	MIT OR Apache-2.0	https://crates.io/crates/rustversion/1.0.23	LICENSE-MIT,LICENSE-APACHE
rustybuzz-0.20.1	MIT	https://crates.io/crates/rustybuzz/0.20.1	LICENSE
scoped-tls-1.0.1	MIT/Apache-2.0	https://crates.io/crates/scoped-tls/1.0.1	LICENSE-MIT,LICENSE-APACHE
scoped-tls-hkt-0.1.5	MIT/Apache-2.0	https://crates.io/crates/scoped-tls-hkt/0.1.5	LICENSE-MIT,LICENSE-APACHE
scopeguard-1.2.0	MIT OR Apache-2.0	https://crates.io/crates/scopeguard/1.2.0	LICENSE-MIT,LICENSE-APACHE
sctk-adwaita-0.10.1	MIT	https://crates.io/crates/sctk-adwaita/0.10.1	LICENSE
semver-1.0.28	MIT OR Apache-2.0	https://crates.io/crates/semver/1.0.28	LICENSE-MIT,LICENSE-APACHE
serde-1.0.229	MIT OR Apache-2.0	https://crates.io/crates/serde/1.0.229	LICENSE-MIT,LICENSE-APACHE
serde_core-1.0.229	MIT OR Apache-2.0	https://crates.io/crates/serde_core/1.0.229	LICENSE-MIT,LICENSE-APACHE
serde_derive-1.0.229	MIT OR Apache-2.0	https://crates.io/crates/serde_derive/1.0.229	LICENSE-MIT,LICENSE-APACHE
serde_json-1.0.151	MIT OR Apache-2.0	https://crates.io/crates/serde_json/1.0.151	LICENSE-MIT,LICENSE-APACHE
serde_repr-0.1.21	MIT OR Apache-2.0	https://crates.io/crates/serde_repr/0.1.21	LICENSE-MIT,LICENSE-APACHE
shlex-2.0.1	MIT OR Apache-2.0	https://crates.io/crates/shlex/2.0.1	LICENSE-MIT,LICENSE-APACHE
signal-hook-registry-1.4.8	MIT OR Apache-2.0	https://crates.io/crates/signal-hook-registry/1.4.8	LICENSE-MIT,LICENSE-APACHE
simd-adler32-0.3.10	MIT	https://crates.io/crates/simd-adler32/0.3.10	LICENSE.md
simd_helpers-0.1.0	MIT	https://crates.io/crates/simd_helpers/0.1.0	no_separate_licence_file_in_crate
simplecss-0.2.2	Apache-2.0 OR MIT	https://crates.io/crates/simplecss/0.2.2	LICENSE-MIT,LICENSE-APACHE
siphasher-1.0.3	MIT/Apache-2.0	https://crates.io/crates/siphasher/1.0.3	COPYING
slab-0.4.12	MIT	https://crates.io/crates/slab/0.4.12	LICENSE
slint-1.13.1	GPL-3.0-only OR LicenseRef-Slint-Royalty-free-2.0 OR LicenseRef-Slint-Software-3.0	https://crates.io/crates/slint/1.13.1	no_separate_licence_file_in_crate
slint-build-1.13.1	GPL-3.0-only OR LicenseRef-Slint-Royalty-free-2.0 OR LicenseRef-Slint-Software-3.0	https://crates.io/crates/slint-build/1.13.1	no_separate_licence_file_in_crate
slint-macros-1.13.1	GPL-3.0-only OR LicenseRef-Slint-Royalty-free-2.0 OR LicenseRef-Slint-Software-3.0	https://crates.io/crates/slint-macros/1.13.1	no_separate_licence_file_in_crate
slotmap-1.1.1	Zlib	https://crates.io/crates/slotmap/1.1.1	LICENSE
smallvec-1.16.1	MIT OR Apache-2.0	https://crates.io/crates/smallvec/1.16.1	LICENSE-MIT,LICENSE-APACHE
smithay-client-toolkit-0.19.2	MIT	https://crates.io/crates/smithay-client-toolkit/0.19.2	LICENSE.txt
smithay-client-toolkit-0.20.0	MIT	https://crates.io/crates/smithay-client-toolkit/0.20.0	LICENSE.txt
smithay-clipboard-0.7.3	MIT	https://crates.io/crates/smithay-clipboard/0.7.3	LICENSE
smol_str-0.2.2	MIT OR Apache-2.0	https://crates.io/crates/smol_str/0.2.2	LICENSE-MIT,LICENSE-APACHE
smol_str-0.3.6	MIT OR Apache-2.0	https://crates.io/crates/smol_str/0.3.6	LICENSE-MIT,LICENSE-APACHE
spin_on-0.1.1	Apache-2.0 OR MIT	https://crates.io/crates/spin_on/0.1.1	LICENSE-MIT,LICENSE-APACHE
stable_deref_trait-1.2.1	MIT OR Apache-2.0	https://crates.io/crates/stable_deref_trait/1.2.1	LICENSE-MIT,LICENSE-APACHE
strict-num-0.1.1	MIT	https://crates.io/crates/strict-num/0.1.1	LICENSE
strum-0.27.2	MIT	https://crates.io/crates/strum/0.27.2	LICENSE
strum_macros-0.27.2	MIT	https://crates.io/crates/strum_macros/0.27.2	LICENSE
svgtypes-0.15.3	Apache-2.0 OR MIT	https://crates.io/crates/svgtypes/0.15.3	LICENSE-MIT,LICENSE-APACHE
syn-2.0.119	MIT OR Apache-2.0	https://crates.io/crates/syn/2.0.119	LICENSE-MIT,LICENSE-APACHE
syn-3.0.6	MIT OR Apache-2.0	https://crates.io/crates/syn/3.0.6	LICENSE-MIT,LICENSE-APACHE
synstructure-0.14.0	MIT	https://crates.io/crates/synstructure/0.14.0	LICENSE
sys-locale-0.3.2	MIT OR Apache-2.0	https://crates.io/crates/sys-locale/0.3.2	LICENSE-MIT,LICENSE-APACHE
termcolor-1.4.1	Unlicense OR MIT	https://crates.io/crates/termcolor/1.4.1	COPYING,LICENSE-MIT
text-size-1.1.1	MIT OR Apache-2.0	https://crates.io/crates/text-size/1.1.1	LICENSE-MIT,LICENSE-APACHE
thiserror-1.0.69	MIT OR Apache-2.0	https://crates.io/crates/thiserror/1.0.69	LICENSE-MIT,LICENSE-APACHE
thiserror-2.0.20	MIT OR Apache-2.0	https://crates.io/crates/thiserror/2.0.20	LICENSE-MIT,LICENSE-APACHE
thiserror-impl-1.0.69	MIT OR Apache-2.0	https://crates.io/crates/thiserror-impl/1.0.69	LICENSE-MIT,LICENSE-APACHE
thiserror-impl-2.0.20	MIT OR Apache-2.0	https://crates.io/crates/thiserror-impl/2.0.20	LICENSE-MIT,LICENSE-APACHE
tiff-0.11.3	MIT	https://crates.io/crates/tiff/0.11.3	LICENSE
tiny-skia-0.11.4	BSD-3-Clause	https://crates.io/crates/tiny-skia/0.11.4	LICENSE
tiny-skia-path-0.11.4	BSD-3-Clause	https://crates.io/crates/tiny-skia-path/0.11.4	LICENSE
tinystr-0.8.4	Unicode-3.0	https://crates.io/crates/tinystr/0.8.4	LICENSE
tinyvec-1.13.3	Zlib OR Apache-2.0 OR MIT	https://crates.io/crates/tinyvec/1.13.3	LICENSE-MIT.md,LICENSE-APACHE.md,LICENSE-ZLIB.md
toml_datetime-0.7.5+spec-1.1.0	MIT OR Apache-2.0	https://crates.io/crates/toml_datetime/0.7.5+spec-1.1.0	LICENSE-MIT,LICENSE-APACHE
toml_datetime-1.1.1+spec-1.1.0	MIT OR Apache-2.0	https://crates.io/crates/toml_datetime/1.1.1+spec-1.1.0	LICENSE-MIT,LICENSE-APACHE
toml_edit-0.23.10+spec-1.0.0	MIT OR Apache-2.0	https://crates.io/crates/toml_edit/0.23.10+spec-1.0.0	LICENSE-MIT,LICENSE-APACHE
toml_edit-0.25.15+spec-1.1.0	MIT OR Apache-2.0	https://crates.io/crates/toml_edit/0.25.15+spec-1.1.0	LICENSE-MIT,LICENSE-APACHE
toml_parser-1.1.3+spec-1.1.0	MIT OR Apache-2.0	https://crates.io/crates/toml_parser/1.1.3+spec-1.1.0	LICENSE-MIT,LICENSE-APACHE
toml_writer-1.1.2+spec-1.1.0	MIT OR Apache-2.0	https://crates.io/crates/toml_writer/1.1.2+spec-1.1.0	LICENSE-MIT,LICENSE-APACHE
tracing-0.1.44	MIT	https://crates.io/crates/tracing/0.1.44	LICENSE
tracing-attributes-0.1.31	MIT	https://crates.io/crates/tracing-attributes/0.1.31	LICENSE
tracing-core-0.1.36	MIT	https://crates.io/crates/tracing-core/0.1.36	LICENSE
ttf-parser-0.25.1	MIT OR Apache-2.0	https://crates.io/crates/ttf-parser/0.25.1	LICENSE-MIT,LICENSE-APACHE
typed-index-collections-3.5.0	MIT OR Apache-2.0	https://crates.io/crates/typed-index-collections/3.5.0	LICENSE-MIT,LICENSE-APACHE
unicode-bidi-0.3.18	MIT OR Apache-2.0	https://crates.io/crates/unicode-bidi/0.3.18	LICENSE-MIT,LICENSE-APACHE
unicode-bidi-mirroring-0.4.0	MIT/Apache-2.0	https://crates.io/crates/unicode-bidi-mirroring/0.4.0	LICENSE-MIT,LICENSE-APACHE
unicode-ccc-0.4.0	MIT/Apache-2.0	https://crates.io/crates/unicode-ccc/0.4.0	LICENSE-MIT,LICENSE-APACHE
unicode-ident-1.0.26	(MIT OR Apache-2.0) AND Unicode-3.0	https://crates.io/crates/unicode-ident/1.0.26	LICENSE-UNICODE,LICENSE-MIT,LICENSE-APACHE
unicode-linebreak-0.1.5	Apache-2.0	https://crates.io/crates/unicode-linebreak/0.1.5	LICENSE
unicode-properties-0.1.4	MIT/Apache-2.0	https://crates.io/crates/unicode-properties/0.1.4	LICENSE-MIT,LICENSE-APACHE
unicode-script-0.5.8	MIT OR Apache-2.0	https://crates.io/crates/unicode-script/0.5.8	LICENSE-MIT,LICENSE-APACHE
unicode-segmentation-1.13.3	MIT OR Apache-2.0	https://crates.io/crates/unicode-segmentation/1.13.3	LICENSE-MIT,LICENSE-APACHE
unicode-vo-0.1.0	MIT/Apache-2.0	https://crates.io/crates/unicode-vo/0.1.0	LICENSE-MIT,LICENSE-APACHE
unicode-xid-0.2.6	MIT OR Apache-2.0	https://crates.io/crates/unicode-xid/0.2.6	LICENSE-MIT,LICENSE-APACHE
url-2.5.8	MIT OR Apache-2.0	https://crates.io/crates/url/2.5.8	LICENSE-MIT,LICENSE-APACHE
usvg-0.45.1	Apache-2.0 OR MIT	https://crates.io/crates/usvg/0.45.1	LICENSE-MIT,LICENSE-APACHE
utf8_iter-1.0.4	Apache-2.0 OR MIT	https://crates.io/crates/utf8_iter/1.0.4	LICENSE-MIT,LICENSE-APACHE
uuid-1.26.1	Apache-2.0 OR MIT	https://crates.io/crates/uuid/1.26.1	LICENSE-MIT,LICENSE-APACHE
v_frame-0.3.9	BSD-2-Clause	https://crates.io/crates/v_frame/0.3.9	LICENSE
version_check-0.9.5	MIT/Apache-2.0	https://crates.io/crates/version_check/0.9.5	LICENSE-MIT,LICENSE-APACHE
vtable-0.3.0	MIT OR Apache-2.0	https://crates.io/crates/vtable/0.3.0	no_separate_licence_file_in_crate
vtable-macro-0.3.0	MIT OR Apache-2.0	https://crates.io/crates/vtable-macro/0.3.0	no_separate_licence_file_in_crate
wayland-backend-0.3.17	MIT	https://crates.io/crates/wayland-backend/0.3.17	LICENSE.txt
wayland-client-0.31.15	MIT	https://crates.io/crates/wayland-client/0.31.15	LICENSE.txt
wayland-csd-frame-0.3.0	MIT	https://crates.io/crates/wayland-csd-frame/0.3.0	LICENSE
wayland-cursor-0.31.14	MIT	https://crates.io/crates/wayland-cursor/0.31.14	LICENSE.txt
wayland-protocols-0.32.13	MIT	https://crates.io/crates/wayland-protocols/0.32.13	LICENSE.txt
wayland-protocols-experimental-20250721.0.1	MIT	https://crates.io/crates/wayland-protocols-experimental/20250721.0.1	LICENSE.txt
wayland-protocols-misc-0.3.12	MIT	https://crates.io/crates/wayland-protocols-misc/0.3.12	LICENSE.txt
wayland-protocols-plasma-0.3.12	MIT	https://crates.io/crates/wayland-protocols-plasma/0.3.12	LICENSE.txt
wayland-protocols-wlr-0.3.12	MIT	https://crates.io/crates/wayland-protocols-wlr/0.3.12	LICENSE.txt
wayland-scanner-0.31.11	MIT	https://crates.io/crates/wayland-scanner/0.31.11	LICENSE.txt
wayland-sys-0.31.11	MIT	https://crates.io/crates/wayland-sys/0.31.11	LICENSE.txt
weezl-0.1.12	MIT OR Apache-2.0	https://crates.io/crates/weezl/0.1.12	LICENSE-MIT,LICENSE-APACHE
winit-0.30.13	Apache-2.0	https://crates.io/crates/winit/0.30.13	LICENSE
winnow-0.7.15	MIT	https://crates.io/crates/winnow/0.7.15	LICENSE-MIT
winnow-1.0.4	MIT	https://crates.io/crates/winnow/1.0.4	LICENSE-MIT
writeable-0.6.4	Unicode-3.0	https://crates.io/crates/writeable/0.6.4	LICENSE
x11-clipboard-0.9.3	MIT	https://crates.io/crates/x11-clipboard/0.9.3	LICENSE
x11-dl-2.21.0	MIT	https://crates.io/crates/x11-dl/2.21.0	LICENSE-MIT
x11rb-0.13.2	MIT OR Apache-2.0	https://crates.io/crates/x11rb/0.13.2	LICENSE-MIT,LICENSE-APACHE
x11rb-protocol-0.13.2	MIT OR Apache-2.0	https://crates.io/crates/x11rb-protocol/0.13.2	LICENSE-MIT,LICENSE-APACHE
xcursor-0.3.11	MIT	https://crates.io/crates/xcursor/0.3.11	LICENSE
xkbcommon-dl-0.4.2	MIT	https://crates.io/crates/xkbcommon-dl/0.4.2	LICENSE
xkeysym-0.2.1	MIT OR Apache-2.0 OR Zlib	https://crates.io/crates/xkeysym/0.2.1	LICENSE-ZLIB,LICENSE-MIT,LICENSE-APACHE
xml-rs-0.8.29	MIT	https://crates.io/crates/xml-rs/0.8.29	LICENSE
xmlwriter-0.1.0	MIT	https://crates.io/crates/xmlwriter/0.1.0	LICENSE
y4m-0.8.0	MIT	https://crates.io/crates/y4m/0.8.0	LICENSE
yoke-0.8.3	Unicode-3.0	https://crates.io/crates/yoke/0.8.3	LICENSE
yoke-derive-0.8.3	Unicode-3.0	https://crates.io/crates/yoke-derive/0.8.3	LICENSE
zbus-5.19.0	MIT	https://crates.io/crates/zbus/5.19.0	LICENSE
zbus_macros-5.19.0	MIT	https://crates.io/crates/zbus_macros/5.19.0	LICENSE
zbus_names-4.3.4	MIT	https://crates.io/crates/zbus_names/4.3.4	LICENSE
zcheapstr-1.1.0	MIT	https://crates.io/crates/zcheapstr/1.1.0	LICENSE
zerocopy-0.8.57	BSD-2-Clause OR Apache-2.0 OR MIT	https://crates.io/crates/zerocopy/0.8.57	LICENSE-BSD,LICENSE-MIT,LICENSE-APACHE
zerocopy-derive-0.8.57	BSD-2-Clause OR Apache-2.0 OR MIT	https://crates.io/crates/zerocopy-derive/0.8.57	LICENSE-BSD,LICENSE-MIT,LICENSE-APACHE
zerofrom-0.1.8	Unicode-3.0	https://crates.io/crates/zerofrom/0.1.8	LICENSE
zerofrom-derive-0.1.8	Unicode-3.0	https://crates.io/crates/zerofrom-derive/0.1.8	LICENSE
zerotrie-0.2.5	Unicode-3.0	https://crates.io/crates/zerotrie/0.2.5	LICENSE
zerovec-0.11.8	Unicode-3.0	https://crates.io/crates/zerovec/0.11.8	LICENSE
zerovec-derive-0.11.6	Unicode-3.0	https://crates.io/crates/zerovec-derive/0.11.6	LICENSE
zmij-1.0.23	MIT	https://crates.io/crates/zmij/1.0.23	LICENSE-MIT
zune-core-0.4.12	MIT OR Apache-2.0 OR Zlib	https://crates.io/crates/zune-core/0.4.12	no_separate_licence_file_in_crate
zune-core-0.5.3	MIT OR Apache-2.0 OR Zlib	https://crates.io/crates/zune-core/0.5.3	LICENSE-ZLIB,LICENSE-MIT,LICENSE-APACHE
zune-inflate-0.2.54	MIT OR Apache-2.0 OR Zlib	https://crates.io/crates/zune-inflate/0.2.54	no_separate_licence_file_in_crate
zune-jpeg-0.4.21	MIT OR Apache-2.0 OR Zlib	https://crates.io/crates/zune-jpeg/0.4.21	no_separate_licence_file_in_crate
zune-jpeg-0.5.15	MIT OR Apache-2.0 OR Zlib	https://crates.io/crates/zune-jpeg/0.5.15	LICENSE-ZLIB,LICENSE-MIT,LICENSE-APACHE
zvariant-5.15.0	MIT	https://crates.io/crates/zvariant/5.15.0	LICENSE
zvariant_derive-5.15.0	MIT	https://crates.io/crates/zvariant_derive/5.15.0	LICENSE
zvariant_utils-4.2.0	MIT	https://crates.io/crates/zvariant_utils/4.2.0	LICENSE
